feature,label
2.486767485822284,74
2.116257088846922,74
1.8459357277882944,74
3.044896030245752,74
3.2150283553875525,75
0.7741020793950639,75
0.4664461247636922,76
0.9281663516067802,76
0.6767485822306405,76
0.521266540642717,76
0.2022684310018832,76
0.6583175803402916,76
1.6871455576560024,76
0.7344045368620158,76
0.9673913043478493,76
0.5812854442343856,76
0.8695652173913366,76
1.0203213610586062,76
1.224952741020772,76
1.603024574669206,76
1.7977315689980955,76
2.2292060491493793,76
2.9012287334593587,76
0.6597353497164207,76
1.8634215500945253,76
0.7769376181474819,76
0.8558601134215635,76
2.4896030245746843,76
1.6739130434782794,76
0.30142367674856985,76
1.142361111111093,76
0.9292534722222037,76
1.1718750000000142,76
1.2148437499999893,76
0.47395833333334636,76
1.3689236111111356,76
0.46614583333333215,76
1.0082465277777786,76
1.1532118055555145,76
0.6197916666666643,76
1.5251736111111143,76
2.3381076388888857,76
1.6601562500000142,76
0.7638888888888999,76
1.1517899338374207,76
1.1965973534971717,76
2.9711720226843035,76
1.515595463137977,76
2.055765595463164,76
0.7826086956521578,76
1.0893194706994542,76
1.3634215500945217,76
1.6318525519848883,76
0.6507561436673122,76
2.475425330812879,76
0.939508506616292,76
0.8308128544423568,76
1.4328922495273986,76
0.7537807183364862,76
2.3903591682419574,76
0.6034971644612241,76
1.4929111531190955,76
1.4621928166351488,76
1.021739130434728,76
1.2150283553875276,76
1.3431001890358942,76
2.0023629489602897,76
0.8081285444234503,76
0.31285444234404025,76
1.4206049149338185,76
0.3714555765595762,76
1.9569943289225193,76
0.8605860113421215,76
0.6743856332703118,76
0.15926275992440253,76
0.764650283553916,76
0.5775047258979491,76
1.1096408317580355,76
2.382797731568992,76
1.793478260869545,76
1.3038752362949104,76
1.4489603024574649,76
0.7514177693761823,76
1.053402646502839,76
0.37003780718337964,76
1.9248582230623654,76
2.0850661625708895,76
0.6271266540642557,76
0.4272211720227084,76
0.9470699432892147,76
0.8780718336484092,76
0.38894139886578216,76
0.9073724007561417,76
1.6408317580340288,76
0.8653119092627684,76
0.8747637051039838,76
0.30434782608695343,76
0.3322306238185142,76
0.6105860113421535,76
1.2145557655954633,76
1.3544423440454096,76
0.8690926275992901,76
0.8208884688091054,76
1.0434782608695734,76
0.8057655954631215,76
1.072306238185238,76
1.4423440453686283,76
0.6488657844990513,76
0.6583175803402739,76
0.7292060491493579,76
1.9215500945179649,76
1.4064272211720343,76
0.8539697542532743,76
0.8350661625708753,76
1.1361058601134033,76
2.087901701323222,76
3.0992438563326807,76
0.9848771266540659,76
0.3293950850661709,76
0.6290170132325201,76
1.0671077504725908,76
0.6176748582230687,76
1.547731568998124,76
0.8289224952740959,76
1.7377126654064412,76
2.0633270321361117,76
0.6795841209829767,76
2.270321361058592,76
1.435727788279742,76
0.6616257088846851,76
1.4749527410208145,76
1.1852551984876953,76
0.8861058601134175,76
1.6474480151228796,76
3.1852551984876953,76
2.15028355387523,76
1.3024574669187032,76
2.1332703213610777,76
0.7868620037807439,76
0.7358223062381875,76
0.6701323251417826,76
0.6294896030245809,76
2.051984877126671,76
2.7098298676748556,76
1.4276937618147443,76
0.7717391304347814,76
1.941398865784521,76
2.564272211720251,76
1.1606805293005422,76
1.6427221172022968,75
0.8714555765595264,75
2.398865784499055,75
1.1658790170132214,75
0.7216446124763749,75
1.796313799621938,75
2.894612476370515,75
1.1956521739130466,75
0.0,75
1.2499999999999858,75
1.58790170132324,75
0.9631379962192668,75
2.5108695652173694,75
0.34499054820416575,75
0.28071833648391475,75
0.640726738080204,75
0.4032118055555607,75
1.0737847222222179,75
1.8580729166666572,75
0.06553819444442155,75
1.3945312499999787,75
0.0,75
0.4787326388888573,75
0.7443576388888751,75
0.9552951388889248,75
1.124131944444425,75
2.8272569444443967,75
1.7443576388888786,75
1.1328124999999751,75
2.290364583333311,75
1.874999999999993,75
3.2439236111111214,75
1.3120659722222285,75
0.0,75
0.772135416666675,75
1.466579861111093,75
0.9934895833333464,75
1.679687500000007,75
1.8033854166666643,75
1.22743055555555,75
1.407986111111093,75
0.5034722222222356,75
1.4062500000000142,75
0.3598090277777999,75
0.8463541666666572,75
1.077256944444457,75
0.0,75
1.0004340277777715,75
1.9045138888888822,75
1.3185763888888964,75
1.410156249999993,75
1.1193576388888786,75
0.8862847222222427,74
2.1284722222222285,74
1.3315972222222143,74
1.2439236111111,74
1.72135416666665,74
2.275607638888893,74
1.496093750000007,74
0.0,74
1.3908563720857074,74
2.2069943289225122,74
2.025519848771271,74
1.1006616257088488,74
0.7466918714555533,74
1.1989603024574649,74
0.4782608695652364,74
0.3903591682419538,74
2.444706994328925,74
4.1961247637051,74
2.8672022684309724,74
1.035916824196569,74
0.0,74
0.8227788279773307,74
2.555765595463143,74
3.094517958412112,74
0.5420604914933946,74
1.3719281663516156,74
0.7977315689981026,74
0.6427221172022684,74
2.3331758034026393,74
2.242438563327024,74
1.6980151228733469,74
0.7589792060491547,74
0.0,74
2.7660680529300663,74
1.9172967863894357,74
1.3747637051039767,74
1.9102079395085134,74
1.9877126654064199,74
1.9796786389414152,74
1.401228733459341,74
1.4017013232514088,74
2.6885633270321208,74
0.39650283553874033,74
0.7788279773157178,74
1.4423440453686531,74
0.0,74
0.8412098298677009,74
1.6724952741020758,74
1.4914933837428848,74
1.331285444234375,74
0.91540642722115,74
1.017485822306238,74
1.8785444234404558,74
4.174866427746267,74
1.0026041666666679,74
1.6914062500000036,74
1.946180555555582,74
1.2083333333333464,74
0.0,74
0.9231770833333144,74
1.8593749999999716,74
1.776041666666682,74
1.191406250000039,74
0.8832465277777501,74
1.5993923611111214,74
1.0186631944444535,74
0.9361979166666892,74
1.510850694444425,74
0.2860243055555749,74
0.9305555555555429,74
0.6102430555555429,74
0.0,74
0.5295138888888999,74
1.2647569444444358,74
0.4609374999999716,74
0.3415798611111178,74
0.8550347222222285,74
1.0568576388888786,74
0.5477430555555465,74
1.6284722222222427,74
0.7109374999999858,74
0.29470486111111427,74
0.4296875000000213,74
0.3233506944444571,74
1.1436631944444393,74
0.23177083333332504,74
0.5507812499999929,74
1.9513888888888786,74
0.7361111111111072,74
1.5655381944444642,74
3.302951388888907,74
0.5364583333333357,74
0.6471354166666501,74
2.5403645833333215,74
0.3919270833333215,74
0.8029513888888786,74
0.0,74
1.7105034722222534,74
1.4198024968493463,74
0.6639886578449783,74
0.6838374291115272,74
0.7192816635160462,74
0.8156899810963871,74
0.7462192816635245,74
1.0406427221172336,74
1.406427221172013,74
2.698015122873329,74
3.220226843100175,74
2.460302457466902,74
0.0,74
0.4083175803402668,74
0.9229678638941223,74
1.347826086956502,74
2.3643667296786326,74
0.8251417769376062,74
2.038279773156905,74
1.28969754253308,74
0.753308128544429,74
0.5652173913043512,74
0.5571833648393039,74
0.6176748582230864,74
1.4777882797731898,74
0.0,74
1.3388468809073828,74
2.163988657844982,74
0.19801512287333622,74
0.31899810964081254,74
1.4484877126654219,74
1.0119670671311845,74
1.2164256198346912,74
1.2572314049586772,74
0.775826446280977,74
1.977272727272684,74
2.0542355371900705,74
0.0,74
1.5206611570247723,74
2.4214876033057564,74
1.7035123966942223,74
1.2081611570248008,74
2.4240702479339156,74
0.9096074380165291,75
0.9256198347107336,75
1.2634297520661022,75
1.1764761596025473,75
1.0302457466918682,75
2.735822306238198,75
3.2013232514177616,75
0.4754253308128824,75
2.5666351606805478,75
2.3383742911153114,75
0.9900756143667131,75
1.2372400756143804,75
0.9806238185255509,75
1.2481096408317605,75
1.086956521739122,75
1.8955576559546436,75
1.4820415879017084,75
1.22731568998109,75
1.0940453686200584,75
1.8917769376181823,75
0.8946124763705008,75
1.0519848771266425,75
0.8747637051039732,75
2.128071833648388,75
1.2136105860113382,75
0.8766540642721985,75
1.0434782608695272,75
0.7556710775047364,75
1.1540642722117518,75
3.202268431001901,75
2.0656899810964013,75
1.4116257088846602,75
2.2523629489602897,75
1.9050094517958414,75
0.5812854442343998,75
0.8464083175803196,75
0.6866729678639238,75
0.548676748582217,75
1.4716446124763678,75
0.46786389413988516,75
0.8672022684309759,75
0.6342155009451922,75
0.24102079395085596,75
1.3213610586011342,75
0.7755198487712818,75
0.41068052930053867,75
0.27882797731572495,75
1.1781663516068264,75
0.6373029234929461,75
1.4305555555555358,75
0.6796875000000036,75
1.2925347222222463,75
0.8255208333333357,75
0.7170138888888893,75
2.3489583333333393,75
1.5516493055555394,75
1.2751736111110823,75
1.4778645833333286,75
1.7669270833333215,75
0.7170138888888893,75
0.5620659722222321,75
0.7083333333333357,75
2.4045138888889,75
1.8267195376496517,75
0.18194706994329124,75
0.7533081285444112,75
0.7731568998109566,75
1.5482041587901563,75
0.9782608695652115,75
0.7358223062381626,76
2.0661625708884728,76
1.2906427221172052,76
0.6776937618147727,76
1.196124763705111,76
1.2240075614366788,76
1.0274102079395,76
1.239130434782627,76
2.102551984877138,76
1.7320415879017226,76
1.4603024574668808,76
0.8019848771266744,76
1.080340264650271,76
0.21550094517957064,76
0.48156899810963694,76
1.1020793950850418,76
1.4059546313799913,76
1.3993383742910979,76
1.103024574669206,76
1.0477315689981026,76
0.7547258979205722,76
0.8081285444234716,76
1.5103969754253406,76
1.4844045368619803,76
1.3672833117218204,76
0.49793388429753804,76
0.9359504132231393,76
2.162706611570286,76
1.7954545454545894,76
0.8512396694214885,76
1.653409090909058,76
2.0439049586776505,76
1.1208677685950263,76
2.0129132231404867,76
1.5134297520661129,76
0.6461776859503949,76
0.7654958677686423,76
1.0330578512396542,76
1.1497933884297566,76
0.8709556468621606,76
0.6573724007561559,76
0.4097353497164278,76
0.8686200378072222,76
1.7622873345935837,76
0.8903591682419503,76
1.79962192816636,77
0.7320415879017048,77
0.6913988657845067,77
0.7589792060491654,77
1.4938563327032206,77
0.6441398865784791,77
3.425803402646501,77
1.82183364839317,77
1.8284499054820138,77
2.2566162570888295,77
1.5689981096408445,77
0.7811909262760359,77
0.3331758034026784,77
0.7225897920605213,77
1.9243856332703295,77
1.7372400756143591,77
1.5581285444234538,77
1.131852551984899,77
1.0604914933837293,77
1.0363894139886511,77
0.9881852551984593,77
1.7717391304347814,77
1.1554820415879092,77
1.5259924385633035,78
1.5732514177693524,78
0.5689981096408054,78
1.8955576559546081,78
0.8227788279772952,78
1.3681474480151223,78
0.9262759924385833,78
1.8142722117202403,78
3.1989603024574897,78
2.1247637051039696,78
1.3043478260869357,78
1.824669187145556,78
0.41115311909262076,78
0.45746691871456235,78
1.1431947069943469,78
1.4366729678638848,78
0.8227788279772952,78
0.7003780718336792,78
0.8208884688090698,78
0.9432892249527427,78
1.6304347826086918,78
1.310964083175822,78
1.0954631379962088,78
1.9532136105860154,78
2.469754253308146,78
2.6791115311909195,78
2.6545368620037735,78
1.6602079395085099,78
2.1058601134215564,78
1.1266540642722305,78
0.9617202268430951,78
0.8724007561436657,78
0.5586011342155182,78
1.0349716446124795,78
0.7197542533081318,78
0.9999999999999822,78
2.1554820415878844,78
0.5269376181474428,78
0.76795841209832,78
2.215028355387524,78
0.7896975425330943,78
2.5453686200377987,78
0.7065217391303946,78
1.809546313799622,78
2.612476370510386,78
2.8558601134215422,78
0.7859168241966188,78
1.356332703213603,78
0.9565217391303946,78
0.7211720226843141,78
0.8648393194706863,78
0.8218336483931843,78
1.2830812854442364,78
2.29725897920601,78
0.6677693761814787,78
1.9106805293005529,78
0.2046313799621764,78
3.788752362948941,78
2.235822306238205,78
0.6843100189036129,78
1.2155009451795813,78
0.9924385633270312,78
1.8894139886578465,78
0.9891304347826129,78
1.1635160680529282,78
1.0297731568998074,78
1.0567107750472644,78
0.9886578449905272,78
1.3284499054820387,78
0.7920604914933804,78
1.3057655954631429,78
1.5633270321361081,78
1.2003780718336472,78
2.7655954631379807,78
0.4201323251418003,78
1.0231568998110028,78
1.5212665406427277,78
0.4517958412098366,78
0.8284499054820387,78
1.1446124763705186,78
0.2783553875236322,78
1.4499054820416006,78
1.564744801512294,78
1.914461247637064,78
2.813799621928162,78
1.4858223062381661,78
0.4536862003780797,78
1.8936672967863686,78
0.5080340264650118,78
0.4914933837429345,78
0.5028355387523433,78
1.8119092627599258,79
2.2192816635160604,79
0.4820415879017048,79
1.2911153119092766,79
0.6238185255198623,79
1.472117202268425,79
1.6710775047258863,79
0.9328922495273986,79
1.6838374291115166,79
3.1101134215501,79
0.790170132325148,79
0.8005671077504779,79
3.4706994328922356,79
1.2982041587901634,79
1.8757088846880698,79
2.19706994328919,79
0.07041587901702329,79
0.9272211720226977,79
0.6923440453686069,79
1.0075614366729653,79
0.0,79
1.4801512287334653,79
2.2670132325142056,79
2.0344990548204365,79
0.6006616257088879,79
0.8988657844990584,79
0.8818525519848563,79
0.8265595463138027,79
1.6507561436673157,79
1.7046313799621942,79
1.4621928166351843,79
